account_id,account_type
1,bankcard
2,maestro
3,visa-electron
4,bankcard
5,mastercard
6,maestro
7,visa-electron
8,visa-electron
9,instapayment
10,bankcard
11,bankcard
12,mastercard
13,mastercard
14,bankcard
15,instapayment
16,maestro
17,switch
18,mastercard
19,visa
20,bankcard
21,maestro
22,maestro
23,visa
24,instapayment
25,maestro
26,maestro
27,maestro
28,maestro
29,visa
30,visa-electron
31,mastercard
32,mastercard
33,maestro
34,maestro
35,maestro
36,switch
37,visa-electron
38,maestro
39,instapayment
40,maestro
41,bankcard
42,visa
43,switch
44,instapayment
45,maestro
46,bankcard
47,mastercard
48,bankcard
49,instapayment
50,switch
51,visa
52,visa
53,visa-electron
54,visa-electron
55,instapayment
56,visa-electron
57,switch
58,instapayment
59,maestro
60,visa
61,bankcard
62,instapayment
63,switch
64,visa
65,mastercard
66,maestro
67,mastercard
68,switch
69,maestro
70,visa
71,maestro
72,visa-electron
73,bankcard
74,bankcard
75,maestro
76,maestro
77,visa
78,mastercard
79,bankcard
80,maestro
81,bankcard
82,maestro
83,visa
84,visa
85,switch
86,mastercard
87,switch
88,mastercard
89,instapayment
90,bankcard
91,visa-electron
92,switch
93,visa-electron
94,instapayment
95,bankcard
96,bankcard
97,instapayment
98,bankcard
99,bankcard
100,mastercard
101,maestro
102,visa-electron
103,visa-electron
104,maestro
105,mastercard
106,bankcard
107,maestro
108,visa
109,switch
110,bankcard
111,maestro
112,instapayment
113,visa-electron
114,mastercard
115,instapayment
116,maestro
117,visa-electron
118,mastercard
119,switch
120,switch
121,mastercard
122,mastercard
123,visa
124,bankcard
125,instapayment
126,bankcard
127,instapayment
128,instapayment
129,visa
130,visa
131,visa
132,switch
133,bankcard
134,visa
135,bankcard
136,instapayment
137,instapayment
138,maestro
139,mastercard
140,maestro
141,switch
142,bankcard
143,bankcard
144,bankcard
145,visa-electron
146,visa-electron
147,bankcard
148,switch
149,switch
150,bankcard
151,maestro
152,instapayment
153,mastercard
154,instapayment
155,switch
156,mastercard
157,maestro
158,mastercard
159,mastercard
160,maestro
161,switch
162,maestro
163,switch
164,mastercard
165,visa
166,mastercard
167,instapayment
168,switch
169,instapayment
170,maestro
171,switch
172,visa
173,visa-electron
174,switch
175,bankcard
176,maestro
177,visa-electron
178,bankcard
179,bankcard
180,mastercard
181,mastercard
182,visa
183,visa
184,switch
185,mastercard
186,bankcard
187,maestro
188,switch
189,visa
190,switch
191,mastercard
192,visa
193,visa
194,visa-electron
195,mastercard
196,maestro
197,instapayment
198,instapayment
199,visa
200,visa
201,switch
202,instapayment
203,instapayment
204,switch
205,instapayment
206,visa
207,maestro
208,visa
209,mastercard
210,bankcard
211,bankcard
212,visa
213,instapayment
214,instapayment
215,bankcard
216,instapayment
217,maestro
218,bankcard
219,switch
220,mastercard
221,visa-electron
222,maestro
223,maestro
224,mastercard
225,maestro
226,maestro
227,visa-electron
228,bankcard
229,switch
230,bankcard
231,bankcard
232,bankcard
233,instapayment
234,bankcard
235,visa
236,maestro
237,instapayment
238,mastercard
239,bankcard
240,mastercard
241,mastercard
242,mastercard
243,visa
244,visa
245,visa
246,visa-electron
247,visa-electron
248,maestro
249,visa-electron
250,maestro
251,visa
252,instapayment
253,mastercard
254,maestro
255,instapayment
256,visa
257,visa
258,instapayment
259,mastercard
260,instapayment
261,maestro
262,maestro
263,bankcard
264,instapayment
265,maestro
266,visa-electron
267,switch
268,switch
269,mastercard
270,mastercard
271,instapayment
272,switch
273,visa-electron
274,switch
275,instapayment
276,mastercard
277,bankcard
278,bankcard
279,switch
280,bankcard
281,visa
282,switch
283,visa
284,visa
285,visa-electron
286,visa-electron
287,mastercard
288,switch
289,mastercard
290,visa-electron
291,visa-electron
292,instapayment
293,bankcard
294,bankcard
295,visa
296,maestro
297,maestro
298,visa
299,visa
300,maestro
301,mastercard
302,switch
303,maestro
304,instapayment
305,bankcard
306,mastercard
307,visa-electron
308,bankcard
309,mastercard
310,visa
311,visa
312,visa-electron
313,mastercard
314,switch
315,instapayment
316,switch
317,switch
318,mastercard
319,visa
320,visa-electron
321,visa
322,switch
323,mastercard
324,visa
325,visa
326,visa
327,bankcard
328,mastercard
329,maestro
330,instapayment
331,instapayment
332,instapayment
333,bankcard
334,instapayment
335,visa-electron
336,visa-electron
337,mastercard
338,visa
339,visa-electron
340,visa
341,bankcard
342,bankcard
343,switch
344,visa-electron
345,bankcard
346,switch
347,visa-electron
348,mastercard
349,visa
350,maestro
351,maestro
352,bankcard
353,switch
354,maestro
355,bankcard
356,switch
357,visa
358,visa-electron
359,bankcard
360,visa-electron
361,visa
362,visa-electron
363,visa
364,visa-electron
365,visa-electron
366,visa
367,switch
368,mastercard
369,switch
370,switch
371,maestro
372,instapayment
373,mastercard
374,visa
375,switch
376,maestro
377,mastercard
378,maestro
379,mastercard
380,visa
381,instapayment
382,bankcard
383,bankcard
384,visa
385,maestro
386,mastercard
387,bankcard
388,visa-electron
389,visa
390,switch
391,bankcard
392,bankcard
393,bankcard
394,bankcard
395,mastercard
396,maestro
397,visa-electron
398,maestro
399,instapayment
400,visa-electron
401,bankcard
402,visa-electron
403,bankcard
404,visa-electron
405,switch
406,maestro
407,mastercard
408,maestro
409,switch
410,instapayment
411,visa-electron
412,maestro
413,visa
414,maestro
415,visa
416,switch
417,maestro
418,visa-electron
419,maestro
420,visa
421,maestro
422,switch
423,visa
424,instapayment
425,instapayment
426,instapayment
427,visa-electron
428,visa-electron
429,bankcard
430,visa
431,mastercard
432,instapayment
433,visa
434,instapayment
435,bankcard
436,visa-electron
437,mastercard
438,visa-electron
439,maestro
440,visa-electron
441,instapayment
442,switch
443,mastercard
444,instapayment
445,mastercard
446,instapayment
447,bankcard
448,instapayment
449,visa
450,maestro
451,maestro
452,visa
453,maestro
454,visa-electron
455,switch
456,visa
457,instapayment
458,maestro
459,mastercard
460,switch
461,bankcard
462,switch
463,mastercard
464,switch
465,instapayment
466,switch
467,visa
468,maestro
469,maestro
470,visa
471,instapayment
472,visa
473,maestro
474,visa
475,visa
476,maestro
477,mastercard
478,visa-electron
479,visa-electron
480,mastercard
481,maestro
482,instapayment
483,visa
484,instapayment
485,mastercard
486,bankcard
487,maestro
488,bankcard
489,instapayment
490,visa
491,visa-electron
492,visa-electron
493,bankcard
494,visa-electron
495,bankcard
496,visa
497,switch
498,bankcard
499,visa
500,switch
