id,channal_type
1,Email
2,Live Chat
3,Self-Service Options
4,Social Media
5,Phone
6,Live Chat
7,Email
8,Self-Service Options
9,Email
10,Self-Service Options
11,Live Chat
12,Phone
13,Email
14,Phone
15,Phone
16,Live Chat
17,Social Media
18,Self-Service Options
19,Phone
20,Phone
21,Phone
22,Phone
23,Phone
24,Social Media
25,Email
26,Email
27,Email
28,Phone
29,Phone
30,Phone
31,Self-Service Options
32,Live Chat
33,Live Chat
34,Self-Service Options
35,Live Chat
36,Email
37,Live Chat
38,Social Media
39,Self-Service Options
40,Live Chat
41,Live Chat
42,Email
43,Phone
44,Phone
45,Social Media
46,Social Media
47,Email
48,Email
49,Live Chat
50,Email
51,Self-Service Options
52,Phone
53,Email
54,Phone
55,Social Media
56,Email
57,Social Media
58,Social Media
59,Live Chat
60,Email
61,Phone
62,Email
63,Live Chat
64,Phone
65,Social Media
66,Email
67,Phone
68,Phone
69,Social Media
70,Email
71,Self-Service Options
72,Email
73,Email
74,Self-Service Options
75,Live Chat
76,Self-Service Options
77,Email
78,Email
79,Self-Service Options
80,Social Media
81,Live Chat
82,Live Chat
83,Live Chat
84,Live Chat
85,Email
86,Phone
87,Social Media
88,Email
89,Social Media
90,Social Media
91,Social Media
92,Live Chat
93,Live Chat
94,Social Media
95,Phone
96,Phone
97,Self-Service Options
98,Live Chat
99,Live Chat
100,Self-Service Options
101,Phone
102,Phone
103,Live Chat
104,Self-Service Options
105,Email
106,Phone
107,Self-Service Options
108,Self-Service Options
109,Email
110,Live Chat
111,Social Media
112,Social Media
113,Live Chat
114,Email
115,Social Media
116,Social Media
117,Phone
118,Social Media
119,Live Chat
120,Self-Service Options
121,Social Media
122,Self-Service Options
123,Email
124,Phone
125,Social Media
126,Phone
127,Self-Service Options
128,Self-Service Options
129,Social Media
130,Social Media
131,Social Media
132,Email
133,Email
134,Social Media
135,Self-Service Options
136,Social Media
137,Phone
138,Social Media
139,Email
140,Self-Service Options
141,Phone
142,Social Media
143,Live Chat
144,Phone
145,Social Media
146,Live Chat
147,Phone
148,Social Media
149,Live Chat
150,Phone
151,Social Media
152,Phone
153,Live Chat
154,Live Chat
155,Social Media
156,Live Chat
157,Live Chat
158,Phone
159,Email
160,Live Chat
161,Social Media
162,Social Media
163,Self-Service Options
164,Social Media
165,Live Chat
166,Social Media
167,Live Chat
168,Social Media
169,Social Media
170,Live Chat
171,Live Chat
172,Email
173,Self-Service Options
174,Phone
175,Phone
176,Self-Service Options
177,Social Media
178,Social Media
179,Self-Service Options
180,Email
181,Social Media
182,Self-Service Options
183,Phone
184,Phone
185,Self-Service Options
186,Social Media
187,Live Chat
188,Phone
189,Self-Service Options
190,Social Media
191,Phone
192,Self-Service Options
193,Phone
194,Social Media
195,Self-Service Options
196,Email
197,Email
198,Phone
199,Email
200,Social Media
