customer_id,name,marital_status,education_level,job,gender,phone_number
1,Shaine Pietzke,divorced,secondary,Structural Engineer,F,6982888949
2,Laney Rosenberger,married,primary,Administrative Assistant I,F,7943495488
3,Agnese Renzullo,divorced,primary,Web Designer III,F,7085974792
4,Geoff Mackney,single,primary,Account Representative II,M,8281644373
5,Alanna Kimberley,single,secondary,Automation Specialist I,F,5225536082
6,Georgina Gorner,single,tertiary,Sales Representative,M,4777628344
7,Norman Maberley,divorced,secondary,Social Worker,F,5701482853
8,Sibeal Bendle,married,tertiary,Account Coordinator,F,5507348435
9,Jeffie Southan,married,secondary,Administrative Assistant IV,M,5024944547
10,Shea Oldland,single,tertiary,Sales Associate,F,1012905508
11,Romola Grafton,married,primary,Human Resources Assistant III,M,1947545160
12,Tabor Mergue,single,secondary,Software Consultant,M,4226232151
13,Freddie Foad,married,primary,Clinical Specialist,M,7588313645
14,Alfonso Wardhaw,single,primary,Analog Circuit Design manager,F,1615321964
15,Tito Gounin,divorced,secondary,Account Executive,F,8796390292
16,Clarey Guerro,married,tertiary,Human Resources Assistant II,F,1693579173
17,Mandy Cormode,married,secondary,Web Developer IV,F,3622195558
18,Jasper Schankel,married,primary,Research Assistant III,M,1771919627
19,Kare Tant,married,secondary,Research Associate,M,4409024394
20,Moreen Urwin,single,secondary,Software Consultant,F,3097305440
21,Neysa McEachern,married,primary,Data Coordinator,M,6288519781
22,Olive Gwinnett,married,secondary,Assistant Manager,F,4059865149
23,Myron Seebert,married,secondary,Geologist I,F,3707376055
24,Leif Edgerton,single,primary,Assistant Media Planner,M,3516125636
25,Mariya Clutterbuck,married,tertiary,Systems Administrator I,F,5569618217
26,Netti Checchetelli,divorced,secondary,Recruiting Manager,F,2255837278
27,Holly Pollastrone,married,secondary,Account Representative III,F,9272877147
28,Isaak Taye,married,secondary,Recruiting Manager,M,1819841444
29,Candra Yearnes,single,secondary,Systems Administrator IV,F,3047764915
30,Lucias Merrywether,single,primary,Occupational Therapist,M,6626465370
31,Britt Wharmby,married,tertiary,Quality Engineer,F,1519172891
32,Merrile Jamblin,single,secondary,Food Chemist,M,4834618265
33,Hamlin Gammell,divorced,secondary,Structural Analysis Engineer,F,3114947953
34,Louie Harken,married,secondary,Payment Adjustment Coordinator,M,9627491019
35,Olympe Cranidge,divorced,tertiary,Civil Engineer,M,6057494168
36,Jocelin Anton,single,tertiary,Web Developer II,F,1482490358
37,Tadeo Grunder,married,primary,Business Systems Development Analyst,M,5385073640
38,Drugi Foxley,married,primary,Biostatistician IV,F,3814791425
39,Arlana Burgh,divorced,tertiary,Financial Analyst,M,7499660283
40,Valentia Wilcock,single,primary,Human Resources Assistant I,F,3676263842
41,Friedrick Brothwell,single,primary,VP Accounting,M,1831789325
42,Mathias Boldt,married,primary,Quality Engineer,M,3999919675
43,Diena Beurich,divorced,tertiary,Software Test Engineer I,M,2865552603
44,Joann Chatten,single,tertiary,Office Assistant IV,F,5838858655
45,Aluin Carvell,married,tertiary,Research Associate,F,4006442433
46,Shalne Bento,divorced,tertiary,Registered Nurse,M,5043811696
47,Ailee Pentercost,married,tertiary,Nurse Practicioner,M,4804017597
48,Early Mcall,married,secondary,Help Desk Operator,M,5256776118
49,Elicia Greenshields,married,tertiary,Nurse,M,1641678649
50,Mira Winterbottom,married,tertiary,Analog Circuit Design manager,M,9043382472
51,Nester Sevitt,single,tertiary,VP Marketing,M,1031618119
52,Doug Oslar,single,tertiary,Senior Cost Accountant,F,8589595438
53,Arlette Mitchelmore,married,tertiary,Office Assistant I,M,9813017635
54,Carolus Beed,married,secondary,Executive Secretary,F,9704348129
55,Marga Galletly,divorced,tertiary,Structural Analysis Engineer,M,1587323385
56,Glenn Hadrill,divorced,secondary,Teacher,M,3112693427
57,Lynelle Raftery,single,tertiary,Senior Developer,F,6559721095
58,Flint Murison,divorced,secondary,Associate Professor,F,7401495292
59,Eolande Beebis,divorced,tertiary,Product Engineer,M,8198582326
60,Barrie Winch,divorced,primary,Software Consultant,M,7484446118
61,Jolynn Zapata,single,primary,VP Accounting,M,6498617770
62,Nomi Roggero,divorced,secondary,Cost Accountant,F,6069868832
63,Waverly Stoaks,divorced,primary,VP Product Management,F,6113252123
64,Hans Cassidy,divorced,tertiary,Legal Assistant,M,8629939614
65,Olive Hussy,single,secondary,Office Assistant II,M,7933748363
66,Cordi Hoovart,divorced,primary,Senior Developer,F,7146105969
67,Gage Pritchitt,married,tertiary,Information Systems Manager,F,6934117689
68,Fina Joy,single,secondary,Safety Technician II,M,4522083309
69,Shelbi Royce,married,primary,Financial Analyst,F,6648980562
70,Ethan Oakenfull,single,primary,Cost Accountant,M,2592268779
71,Fernando Whiting,divorced,secondary,Sales Associate,M,7919165732
72,Trevor Yeend,married,tertiary,Dental Hygienist,F,5684236606
73,Madge Cornels,married,primary,Design Engineer,F,6904116096
74,Korney Dragon,single,secondary,Clinical Specialist,M,2802553702
75,Chrystel Patman,divorced,primary,Marketing Assistant,M,5325726261
76,Bogey Janny,single,secondary,Programmer III,F,1296810753
77,Marrilee Ragles,single,primary,Environmental Tech,M,8078661429
78,Ximenes MacTerlagh,divorced,secondary,Information Systems Manager,M,3318500547
79,Jacki Ranns,divorced,secondary,Programmer I,F,9315254327
80,Arlin Abrams,married,secondary,Human Resources Manager,M,7254770522
81,Lyndel Doggrell,divorced,primary,Recruiting Manager,F,3901292955
82,Roana Dukelow,divorced,primary,Internal Auditor,F,8926202987
83,Sarajane Merriday,single,primary,Cost Accountant,M,2983201917
84,Gene Henbury,married,tertiary,Physical Therapy Assistant,F,6707068050
85,Nehemiah Kingsnoad,married,secondary,Director of Sales,M,5757696089
86,Anallese Hopfer,divorced,tertiary,Marketing Manager,M,1818229749
87,Mommy Laville,single,tertiary,Junior Executive,F,1166445459
88,Rubin Style,single,tertiary,Computer Systems Analyst III,M,3815949379
89,Jan Batteson,single,primary,Tax Accountant,M,5616025327
90,Jenni Flannigan,single,tertiary,Safety Technician III,F,5379216270
91,Janina Stegell,married,secondary,Community Outreach Specialist,M,9867797119
92,Dulci Tousey,divorced,secondary,Project Manager,F,5431773368
93,Brande Frew,married,primary,Product Engineer,F,7015765052
94,Krystyna Goodisson,divorced,primary,Accountant III,F,8208048592
95,Magnum Cullin,divorced,secondary,Environmental Tech,F,1642320128
96,Nadya Whyley,single,secondary,Sales Associate,M,6686496914
97,Dian Pulley,divorced,primary,Chief Design Engineer,M,1414895211
98,Tad Courtois,divorced,secondary,Librarian,F,7669441664
99,Spencer Itzcovich,divorced,primary,VP Product Management,M,3301874897
100,Ellsworth Le Blanc,divorced,tertiary,Safety Technician III,F,4013725999
101,Hewett Boc,divorced,secondary,Actuary,F,9629968865
102,Conney Henriques,married,primary,Budget/Accounting Analyst II,F,8959283445
103,Clo De Dei,married,primary,Programmer II,F,4133941019
104,Wilhelm Coetzee,married,primary,Junior Executive,M,2746135815
105,Nahum Drewe,single,tertiary,Research Nurse,F,7201592960
106,Alikee Gockeler,married,tertiary,General Manager,F,9191930478
107,Kristina Drable,single,primary,Environmental Specialist,M,2784957916
108,Clementina Elliker,divorced,primary,Information Systems Manager,F,3062966226
109,Gran Petti,divorced,primary,Operator,F,6645474862
110,Marylou Nevett,divorced,secondary,Account Representative II,F,6993820948
111,Tito Bailes,single,secondary,Product Engineer,M,6824246313
112,Beatrice Ludwell,married,primary,Payment Adjustment Coordinator,F,2032690949
113,Krystalle Treske,divorced,secondary,Health Coach I,F,3509737689
114,Martie Scurry,single,tertiary,Help Desk Technician,F,8644182242
115,Garv Danielis,divorced,primary,Nuclear Power Engineer,F,7665634422
116,Albie Ragsdall,divorced,tertiary,Civil Engineer,F,6521706265
117,Hunfredo Stobbe,divorced,tertiary,Environmental Specialist,M,2702171366
118,Travis Gyer,divorced,tertiary,Structural Engineer,M,1136558682
119,Vi Massingberd,married,primary,Safety Technician I,M,3838064904
120,Tristam Charrier,married,tertiary,Professor,F,4289021771
121,Jonah Barles,married,tertiary,Quality Engineer,F,9258767439
122,Dania Norley,single,primary,Paralegal,M,7892674947
123,Eleanore Alu,married,secondary,Assistant Professor,F,1815279073
124,Donal Bichener,married,secondary,Financial Analyst,F,6904373571
125,Jaymie Dooney,single,tertiary,Environmental Tech,M,3824705341
126,Henrieta Anwell,married,tertiary,Technical Writer,F,3415073704
127,Chester Matashkin,divorced,tertiary,Systems Administrator I,M,8323384705
128,Jaimie Ratlee,divorced,tertiary,Accountant IV,F,4504882800
129,Emmery Bearns,single,tertiary,Business Systems Development Analyst,M,8271476076
130,Anica Ivanishchev,married,primary,Administrative Assistant I,M,6347351341
131,Dewie Rosenberg,divorced,secondary,Structural Analysis Engineer,F,1108930854
132,Jesselyn Learman,divorced,secondary,Design Engineer,F,3857788324
133,Verne Gobeau,married,secondary,Structural Engineer,F,1869384043
134,Taylor Mcwhinnie,married,primary,Programmer Analyst I,F,7125264219
135,Belia Fatscher,single,primary,Environmental Specialist,F,7152587334
136,Rouvin Peaddie,married,secondary,Operator,F,9329969572
137,Annabal Innman,divorced,secondary,Staff Accountant I,M,8367065338
138,Aarika Dickin,married,tertiary,Physical Therapy Assistant,M,3116622809
139,Lowrance Fairlem,married,secondary,Graphic Designer,M,7181130918
140,Leonidas Sands,divorced,primary,Junior Executive,F,3587951415
141,Wye Linforth,divorced,primary,Executive Secretary,M,6421065431
142,Gian Smallpeice,married,primary,Account Coordinator,M,8236057327
143,Currey Kille,divorced,secondary,GIS Technical Architect,M,2279612154
144,Iorgos Razoux,married,tertiary,Environmental Tech,F,2561636662
145,Lynnett Kivelle,divorced,primary,Paralegal,F,3499155121
146,Andrei Fassan,married,tertiary,Engineer III,F,7184894840
147,Jordain Bees,divorced,secondary,Design Engineer,M,1647667031
148,Ware Hamal,married,secondary,Graphic Designer,F,7841619499
149,Rickie Lovatt,single,secondary,Analog Circuit Design manager,M,5233436365
150,Alica Blaszkiewicz,single,tertiary,Structural Analysis Engineer,M,9729707119
151,Babs Redish,divorced,secondary,Assistant Professor,M,8875371408
152,Ania Dow,divorced,tertiary,Accounting Assistant III,M,2419538429
153,Dario Waplington,divorced,secondary,Statistician II,F,8814365679
154,Tymothy Trathen,single,tertiary,VP Marketing,M,6122625908
155,Felicle Craiker,married,tertiary,Quality Engineer,F,1798523300
156,Stu Melledy,single,primary,Developer I,F,6163860061
157,Guy Turn,married,secondary,Product Engineer,F,7619554408
158,Fernando Vsanelli,single,secondary,Product Engineer,F,9243527547
159,Dorey Botler,divorced,tertiary,Assistant Professor,F,4449302636
160,Torr Beamson,married,primary,Desktop Support Technician,F,6731868278
161,Audrye Karslake,single,primary,Registered Nurse,F,7936188646
162,Harmon Goodenough,single,secondary,Tax Accountant,M,5981470517
163,Sioux Wharf,divorced,tertiary,Pharmacist,F,4196958061
164,Bronnie Castellani,divorced,primary,Project Manager,M,9014099785
165,Nedda St Pierre,single,secondary,Health Coach IV,F,5039149685
166,Dolly Planke,divorced,primary,Assistant Media Planner,F,2465983524
167,Jocko Beard,single,primary,Engineer IV,M,6847296835
168,Astrix McCluskey,divorced,primary,Chief Design Engineer,M,5547298204
169,Wilma Hlavac,divorced,primary,Editor,M,2299477583
170,Debi Tookey,divorced,secondary,Environmental Specialist,M,1384542459
171,Chase McConnal,divorced,secondary,Web Designer I,M,8126222576
172,Margalit Bilbrook,divorced,tertiary,Computer Systems Analyst II,M,3994290589
173,Kissiah Yurov,married,secondary,Human Resources Manager,F,9596466869
174,Georgy Dannehl,married,primary,Business Systems Development Analyst,F,3211196416
175,Jordanna Hendrick,divorced,primary,Product Engineer,M,2464366509
176,Lavena Berrie,divorced,primary,Nuclear Power Engineer,F,2433032533
177,Ramon Skews,married,tertiary,Payment Adjustment Coordinator,M,3229949711
178,Pavel O'Mailey,divorced,secondary,Community Outreach Specialist,M,2621241481
179,Cesaro Fiske,single,secondary,Sales Representative,M,4301293350
180,Tam Drought,single,secondary,Nurse,F,6556689558
181,Delilah Brennenstuhl,single,tertiary,Paralegal,M,3619973508
182,Tonya Fitter,married,primary,Analog Circuit Design manager,M,3347799709
183,Dilly Aronoff,divorced,secondary,Web Developer III,F,6262715543
184,Saunders Rizzi,married,primary,Structural Analysis Engineer,F,7729285895
185,Cesya Done,married,secondary,Environmental Specialist,M,8125797006
186,Jennica D'orsay,divorced,primary,Product Engineer,M,3363428404
187,Park Lenin,single,tertiary,Senior Sales Associate,M,6997936439
188,Meryl Harness,divorced,primary,Web Designer III,M,6582936033
189,Evvy Murgatroyd,married,tertiary,Assistant Professor,F,3024303116
190,Shaun Dillinton,married,tertiary,Senior Editor,F,3041704983
191,Dill Fishly,married,tertiary,Assistant Media Planner,M,4921245222
192,Jacquie Flockhart,divorced,secondary,Cost Accountant,M,5382930923
193,Nat Bewsy,married,primary,Help Desk Technician,F,9514866686
194,Olvan Gaven,divorced,primary,Nurse Practicioner,M,8798177697
195,Bordie Hobbema,single,tertiary,Administrative Officer,F,6494822992
196,Richart Baldi,divorced,tertiary,Information Systems Manager,M,8284605283
197,Coral Kirsche,married,primary,Product Engineer,M,5582652822
198,Shelby Hacker,married,tertiary,Environmental Tech,M,5255227626
199,Arnoldo Hutchins,divorced,secondary,Geological Engineer,F,9084253557
200,Adiana Gostick,married,primary,Environmental Tech,M,4803510105
