deposite_id,confermation,type,channel
1,1,partly,switch
2,1,fully,maestro
3,0,fully,mastercard
4,0,fully,visa
5,1,partly,maestro
6,1,partly,maestro
7,0,fully,instapayment
8,0,fully,visa-electron
9,1,fully,maestro
10,0,partly,visa
11,1,fully,visa
12,0,partly,visa-electron
13,1,partly,bankcard
14,1,fully,instapayment
15,0,fully,mastercard
16,1,partly,switch
17,1,partly,instapayment
18,1,partly,visa
19,1,fully,bankcard
20,0,partly,maestro
21,1,partly,visa
22,1,fully,visa
23,0,fully,visa
24,1,fully,switch
25,1,fully,visa-electron
26,1,partly,switch
27,0,fully,bankcard
28,0,partly,switch
29,0,partly,mastercard
30,0,fully,instapayment
31,1,fully,visa-electron
32,0,fully,visa-electron
33,1,fully,visa-electron
34,0,partly,maestro
35,1,partly,switch
36,1,partly,bankcard
37,1,partly,visa-electron
38,1,partly,instapayment
39,0,partly,instapayment
40,1,partly,instapayment
41,0,partly,maestro
42,1,fully,bankcard
43,1,fully,mastercard
44,0,fully,bankcard
45,1,partly,mastercard
46,0,partly,visa-electron
47,0,partly,maestro
48,0,fully,mastercard
49,1,partly,bankcard
50,0,fully,mastercard
51,0,fully,visa-electron
52,0,partly,switch
53,0,partly,mastercard
54,0,partly,visa-electron
55,0,partly,switch
56,1,fully,maestro
57,0,partly,visa-electron
58,0,partly,instapayment
59,0,partly,mastercard
60,1,partly,visa-electron
61,0,fully,bankcard
62,0,fully,mastercard
63,1,fully,maestro
64,0,fully,bankcard
65,0,fully,instapayment
66,0,fully,bankcard
67,1,partly,switch
68,0,partly,switch
69,1,fully,visa-electron
70,1,partly,visa-electron
71,0,partly,mastercard
72,1,partly,visa-electron
73,1,fully,mastercard
74,1,partly,bankcard
75,1,partly,switch
76,0,partly,bankcard
77,1,partly,mastercard
78,1,fully,switch
79,1,partly,maestro
80,0,fully,visa
81,0,fully,switch
82,0,fully,instapayment
83,1,partly,visa-electron
84,0,partly,switch
85,0,partly,bankcard
86,0,fully,visa-electron
87,0,fully,maestro
88,1,fully,visa-electron
89,0,partly,visa-electron
90,1,partly,instapayment
91,0,partly,maestro
92,1,fully,maestro
93,1,fully,visa
94,0,partly,maestro
95,1,partly,bankcard
96,1,fully,visa-electron
97,0,fully,visa-electron
98,1,fully,maestro
99,0,partly,switch
100,1,fully,visa
101,0,partly,switch
102,1,partly,visa
103,1,fully,mastercard
104,1,fully,instapayment
105,0,partly,visa
106,1,fully,maestro
107,0,partly,maestro
108,0,partly,instapayment
109,0,fully,visa-electron
110,0,partly,maestro
111,0,partly,bankcard
112,1,partly,visa
113,0,fully,maestro
114,0,fully,maestro
115,1,partly,instapayment
116,1,partly,visa-electron
117,1,fully,visa
118,1,partly,visa-electron
119,1,partly,switch
120,0,partly,mastercard
121,1,partly,switch
122,0,fully,visa-electron
123,0,partly,mastercard
124,0,fully,maestro
125,1,fully,switch
126,0,partly,maestro
127,0,partly,visa-electron
128,0,partly,bankcard
129,1,partly,mastercard
130,1,fully,maestro
131,0,fully,visa
132,0,fully,visa-electron
133,1,partly,visa-electron
134,1,partly,maestro
135,1,partly,maestro
136,0,fully,visa-electron
137,1,fully,mastercard
138,0,fully,mastercard
139,0,partly,instapayment
140,1,fully,mastercard
141,0,partly,mastercard
142,0,partly,visa
143,0,partly,switch
144,1,partly,maestro
145,0,partly,switch
146,1,partly,bankcard
147,0,fully,switch
148,0,fully,bankcard
149,1,fully,visa
150,0,partly,bankcard
151,0,fully,instapayment
152,0,fully,bankcard
153,0,fully,bankcard
154,1,partly,visa-electron
155,0,partly,visa
156,1,fully,visa-electron
157,0,partly,bankcard
158,0,partly,bankcard
159,0,partly,switch
160,1,partly,visa-electron
161,1,fully,bankcard
162,1,partly,bankcard
163,0,fully,switch
164,0,partly,bankcard
165,0,fully,instapayment
166,1,partly,instapayment
167,0,partly,instapayment
168,1,fully,visa
169,1,partly,mastercard
170,0,partly,visa
171,0,fully,visa
172,0,fully,visa
173,1,fully,bankcard
174,1,partly,switch
175,0,partly,visa-electron
176,0,partly,mastercard
177,1,fully,bankcard
178,0,partly,instapayment
179,1,partly,maestro
180,0,fully,bankcard
181,0,partly,switch
182,1,partly,visa-electron
183,0,partly,mastercard
184,0,fully,visa
185,0,partly,mastercard
186,0,partly,mastercard
187,1,partly,visa-electron
188,1,fully,maestro
189,0,partly,maestro
190,1,fully,mastercard
191,1,fully,instapayment
192,1,fully,switch
193,1,partly,instapayment
194,0,partly,visa
195,1,fully,visa
196,0,fully,visa
197,0,fully,visa-electron
198,1,fully,switch
199,1,partly,mastercard
200,0,partly,visa-electron
