id,interaction_dim,Problemseverity
1,Feedback,0
2,inquiries,3
3,inquiries,1
4,complaint,4
5,inquiries,4
6,inquiries,2
7,Feedback,1
8,inquiries,1
9,complaint,0
10,complaint,3
11,complaint,3
12,Feedback,4
13,complaint,1
14,complaint,0
15,complaint,4
16,inquiries,2
17,complaint,4
18,inquiries,2
19,Feedback,0
20,complaint,0
21,inquiries,2
22,inquiries,1
23,inquiries,4
24,Feedback,3
25,complaint,0
26,inquiries,4
27,Feedback,0
28,complaint,1
29,inquiries,3
30,Feedback,4
31,complaint,1
32,Feedback,0
33,inquiries,4
34,Feedback,2
35,inquiries,4
36,inquiries,3
37,Feedback,4
38,complaint,3
39,Feedback,4
40,complaint,1
41,inquiries,0
42,Feedback,1
43,inquiries,0
44,Feedback,0
45,Feedback,4
46,complaint,4
47,inquiries,2
48,Feedback,3
49,inquiries,3
50,Feedback,2
51,inquiries,3
52,inquiries,3
53,inquiries,3
54,Feedback,2
55,complaint,1
56,inquiries,1
57,inquiries,4
58,Feedback,4
59,inquiries,0
60,Feedback,2
61,inquiries,4
62,Feedback,1
63,Feedback,1
64,complaint,3
65,complaint,1
66,complaint,0
67,inquiries,0
68,inquiries,1
69,inquiries,0
70,Feedback,0
71,inquiries,2
72,inquiries,1
73,Feedback,3
74,inquiries,4
75,inquiries,3
76,complaint,3
77,inquiries,3
78,Feedback,4
79,Feedback,3
80,complaint,3
81,complaint,2
82,inquiries,1
83,inquiries,2
84,complaint,3
85,inquiries,2
86,inquiries,0
87,Feedback,1
88,Feedback,2
89,inquiries,2
90,Feedback,1
91,Feedback,4
92,Feedback,0
93,inquiries,4
94,inquiries,2
95,Feedback,0
96,Feedback,1
97,complaint,3
98,Feedback,2
99,Feedback,3
100,Feedback,1
101,complaint,2
102,complaint,0
103,Feedback,1
104,inquiries,4
105,Feedback,3
106,complaint,2
107,inquiries,1
108,Feedback,0
109,Feedback,4
110,Feedback,4
111,Feedback,0
112,complaint,3
113,complaint,2
114,inquiries,4
115,Feedback,3
116,complaint,0
117,inquiries,2
118,Feedback,0
119,Feedback,2
120,inquiries,1
121,complaint,4
122,inquiries,3
123,Feedback,2
124,complaint,3
125,complaint,2
126,complaint,4
127,inquiries,1
128,complaint,1
129,complaint,4
130,Feedback,4
131,Feedback,0
132,inquiries,4
133,inquiries,2
134,complaint,1
135,inquiries,0
136,complaint,2
137,Feedback,0
138,complaint,3
139,Feedback,0
140,inquiries,4
141,Feedback,4
142,complaint,2
143,inquiries,3
144,complaint,1
145,Feedback,3
146,complaint,2
147,inquiries,3
148,Feedback,4
149,complaint,4
150,inquiries,3
151,Feedback,2
152,Feedback,0
153,inquiries,1
154,complaint,0
155,Feedback,3
156,complaint,1
157,complaint,4
158,inquiries,0
159,Feedback,4
160,Feedback,3
161,Feedback,1
162,complaint,3
163,Feedback,1
164,complaint,3
165,inquiries,2
166,inquiries,0
167,inquiries,3
168,complaint,2
169,inquiries,4
170,Feedback,3
171,Feedback,2
172,complaint,3
173,complaint,2
174,Feedback,4
175,Feedback,2
176,Feedback,1
177,inquiries,3
178,Feedback,3
179,Feedback,4
180,Feedback,0
181,inquiries,2
182,Feedback,4
183,inquiries,1
184,complaint,0
185,inquiries,2
186,complaint,2
187,complaint,3
188,complaint,1
189,complaint,3
190,inquiries,3
191,Feedback,1
192,complaint,3
193,inquiries,3
194,Feedback,4
195,complaint,2
196,Feedback,3
197,inquiries,3
198,complaint,2
199,complaint,3
200,Feedback,0
