loan_id,type,description
1,half yearly,1year
2,yearly,2years
3,quarter yearly,2years
4,monthly,1year
5,yearly,6months
6,monthly,2years
7,quarter yearly,1year
8,quarter yearly,2years
9,quarter yearly,1year
10,half yearly,3years
11,quarter yearly,1year
12,monthly,2years
13,monthly,2years
14,half yearly,2years
15,quarter yearly,2years
16,yearly,2years
17,yearly,3years
18,monthly,6months
19,monthly,6months
20,half yearly,2years
21,monthly,6months
22,monthly,1year
23,half yearly,2years
24,monthly,3years
25,quarter yearly,6months
26,half yearly,6months
27,monthly,3years
28,quarter yearly,1year
29,monthly,3years
30,monthly,2years
31,yearly,3years
32,half yearly,2years
33,quarter yearly,1year
34,yearly,3years
35,monthly,2years
36,half yearly,1year
37,half yearly,1year
38,half yearly,6months
39,half yearly,6months
40,quarter yearly,6months
41,monthly,1year
42,quarter yearly,6months
43,monthly,2years
44,yearly,6months
45,quarter yearly,1year
46,quarter yearly,2years
47,monthly,6months
48,quarter yearly,2years
49,half yearly,1year
50,yearly,2years
51,yearly,3years
52,quarter yearly,3years
53,monthly,3years
54,yearly,1year
55,half yearly,2years
56,monthly,1year
57,monthly,6months
58,monthly,2years
59,half yearly,3years
60,quarter yearly,2years
61,half yearly,2years
62,yearly,1year
63,quarter yearly,6months
64,half yearly,6months
65,quarter yearly,2years
66,yearly,3years
67,quarter yearly,6months
68,half yearly,3years
69,monthly,6months
70,half yearly,3years
71,monthly,1year
72,monthly,1year
73,half yearly,6months
74,yearly,2years
75,quarter yearly,6months
76,quarter yearly,3years
77,yearly,6months
78,yearly,3years
79,yearly,2years
80,yearly,2years
81,quarter yearly,2years
82,monthly,2years
83,monthly,3years
84,monthly,1year
85,yearly,1year
86,half yearly,1year
87,half yearly,2years
88,half yearly,1year
89,quarter yearly,1year
90,half yearly,3years
91,quarter yearly,6months
92,quarter yearly,2years
93,yearly,1year
94,monthly,1year
95,half yearly,3years
96,half yearly,2years
97,monthly,1year
98,yearly,1year
99,half yearly,6months
100,quarter yearly,1year
101,yearly,1year
102,quarter yearly,1year
103,yearly,2years
104,monthly,6months
105,half yearly,1year
106,quarter yearly,2years
107,half yearly,6months
108,half yearly,6months
109,yearly,3years
110,yearly,6months
111,yearly,3years
112,quarter yearly,3years
113,half yearly,1year
114,half yearly,1year
115,half yearly,3years
116,quarter yearly,2years
117,quarter yearly,2years
118,monthly,2years
119,half yearly,2years
120,half yearly,6months
121,monthly,1year
122,yearly,2years
123,yearly,2years
124,quarter yearly,3years
125,yearly,3years
126,yearly,6months
127,half yearly,3years
128,half yearly,1year
129,yearly,2years
130,quarter yearly,6months
131,half yearly,1year
132,monthly,1year
133,yearly,3years
134,half yearly,1year
135,half yearly,2years
136,quarter yearly,2years
137,yearly,1year
138,monthly,3years
139,quarter yearly,2years
140,quarter yearly,3years
141,quarter yearly,2years
142,yearly,6months
143,monthly,1year
144,monthly,2years
145,yearly,2years
146,half yearly,2years
147,yearly,6months
148,half yearly,1year
149,quarter yearly,6months
150,yearly,3years
151,quarter yearly,1year
152,half yearly,3years
153,half yearly,1year
154,half yearly,3years
155,yearly,6months
156,half yearly,6months
157,quarter yearly,1year
158,half yearly,6months
159,half yearly,2years
160,monthly,6months
161,half yearly,3years
162,half yearly,2years
163,half yearly,3years
164,quarter yearly,3years
165,monthly,3years
166,monthly,2years
167,quarter yearly,1year
168,quarter yearly,2years
169,half yearly,2years
170,half yearly,2years
171,monthly,1year
172,yearly,1year
173,quarter yearly,6months
174,yearly,1year
175,quarter yearly,2years
176,monthly,1year
177,half yearly,3years
178,half yearly,3years
179,quarter yearly,6months
180,quarter yearly,3years
181,quarter yearly,3years
182,half yearly,3years
183,monthly,6months
184,monthly,1year
185,monthly,2years
186,half yearly,1year
187,quarter yearly,2years
188,half yearly,6months
189,monthly,6months
190,half yearly,1year
191,quarter yearly,1year
192,half yearly,6months
193,monthly,1year
194,half yearly,2years
195,quarter yearly,6months
196,yearly,3years
197,half yearly,2years
198,half yearly,2years
199,monthly,2years
200,quarter yearly,2years
