location_id,country,city,state,postal code
1,United States,Rochester,New York,12500011
2,United States,New Brunswick,New Jersey,24566354
3,United States,Schenectady,New York,33854877
4,United Kingdom,Merton,England,39118368
5,United States,Schenectady,New York,36363431
6,United States,Albany,New York,15095373
7,United States,Trenton,New Jersey,11534623
8,United States,Bellevue,Washington,31049543
9,United Kingdom,London,England,26342692
10,United States,New Hyde Park,New York,9116021
11,Hungary,Sopron,Győr-Moson-Sopron,19513219
12,United States,Flushing,New York,35079005
13,United States,Jamaica,New York,23753369
14,United States,Jamaica,New York,35936039
15,United States,Seattle,Washington,27325834
16,United States,Tacoma,Washington,6865008
17,Hungary,Győr,Győr-Moson-Sopron,20173094
18,United States,Bronx,New York,38129896
19,United Kingdom,Normanton,England,22118262
20,United States,New York City,New York,12610720
21,United States,Newark,New Jersey,18210625
22,United Kingdom,Kirkton,Scotland,33049107
23,United States,Seattle,Washington,23040165
24,United States,Elmira,New York,29677776
25,United Kingdom,Church End,England,18230936
26,United States,Buffalo,New York,1851803
27,United Kingdom,Church End,England,7777121
28,United Kingdom,Norton,England,37701996
29,United States,Bronx,New York,19211482
30,United States,New York City,New York,13867391
31,United States,Paterson,New Jersey,39145991
32,United Kingdom,Newton,England,13840899
33,United States,Seattle,Washington,33302287
34,United Kingdom,Wootton,England,9804894
35,United Kingdom,Milton,England,38703800
36,United States,New York City,New York,9462241
37,United Kingdom,Weston,England,29343071
38,United Kingdom,London,England,5339404
39,United Kingdom,Walton,England,31760418
40,United States,Seattle,Washington,34340337
41,United States,New York City,New York,30653141
42,United States,Flushing,New York,12999678
43,United Kingdom,Brampton,England,7905997
44,United States,Olympia,Washington,37615975
45,United States,Newark,New Jersey,11931674
46,United States,Tacoma,Washington,24288989
47,United Kingdom,Denton,England,18307255
48,United Kingdom,Newbiggin,England,32190532
49,United States,Bronx,New York,29133799
50,United States,Port Washington,New York,37423942
51,United States,Tacoma,Washington,5840480
52,United States,Vancouver,Washington,25249450
53,United States,Newark,New Jersey,30784576
54,United States,Rochester,New York,24899380
55,United States,Rochester,New York,1959220
56,United States,Brooklyn,New York,16298278
57,United States,Tacoma,Washington,33105895
58,United States,Tacoma,Washington,24015733
59,United States,Hicksville,New York,16318805
60,United States,Bronx,New York,34479070
61,United Kingdom,Aberdeen,Scotland,17199686
62,United States,Newark,New Jersey,1242150
63,United States,Camden,New Jersey,17111647
64,United States,Seattle,Washington,9476840
65,United Kingdom,Newport,England,10417051
66,United Kingdom,Langley,England,752814
67,United Kingdom,Sutton,England,33713337
68,United States,Bellevue,Washington,26876649
69,United States,New York City,New York,26415666
70,United Kingdom,London,England,21099714
71,United States,Albany,New York,1944662
72,United Kingdom,Sutton,England,6894928
73,United Kingdom,Twyford,England,37612582
74,United Kingdom,Liverpool,England,10698000
75,United States,New York City,New York,7186621
76,United States,New York City,New York,591453
77,Hungary,Nyíregyháza,Szabolcs-Szatmár-Bereg,25346742
78,United States,Brooklyn,New York,6845334
79,United States,Seattle,Washington,33022318
80,United States,Port Washington,New York,28885996
81,United Kingdom,Tullich,Scotland,3805827
82,United States,Newark,New Jersey,1525010
83,United Kingdom,Swindon,England,36849026
84,United States,Hicksville,New York,23814959
85,United States,Seattle,Washington,15722324
86,United Kingdom,Wootton,England,20107286
87,United Kingdom,Leeds,England,7637002
88,United Kingdom,Walton,England,21604445
89,United Kingdom,Ashley,England,32740505
90,United Kingdom,Kingston,England,27173497
91,United States,New York City,New York,16292847
92,United States,Brooklyn,New York,16521553
93,United Kingdom,Bristol,England,9601075
94,United States,Newark,New Jersey,27294931
95,United Kingdom,Ashley,England,8983685
96,United States,Elmira,New York,3916985
97,United States,New York City,New York,7863558
98,United Kingdom,Bradford,England,30265145
99,United Kingdom,Walton,England,11017190
100,United States,Bronx,New York,29660790
101,United Kingdom,Langley,England,4481637
102,United States,Seattle,Washington,17732528
103,United States,Brooklyn,New York,20578582
104,United States,Flushing,New York,10984001
105,United States,Camden,New Jersey,4658708
106,United Kingdom,Halton,England,24892763
107,United Kingdom,Twyford,England,35975805
108,United Kingdom,Wirral,England,5438957
109,United Kingdom,Newton,England,19503575
110,United States,New York City,New York,31690527
111,United States,Seattle,Washington,37041195
112,United Kingdom,Buckland,England,19638553
113,United Kingdom,Bradford,England,12648736
114,United Kingdom,Tullich,Scotland,31079749
115,United Kingdom,Merton,England,29789521
116,United States,Rochester,New York,10753799
117,United States,New York City,New York,25619900
118,Hungary,Nyíregyháza,Szabolcs-Szatmár-Bereg,31120847
119,United States,Olympia,Washington,13222996
120,United States,Tacoma,Washington,32015406
121,United States,Seattle,Washington,8050179
122,United Kingdom,London,England,10750691
123,United Kingdom,Milton,Scotland,38968117
124,United States,Bronx,New York,37074322
125,United States,Seattle,Washington,948696
126,United Kingdom,Sutton,England,30776842
127,United Kingdom,Linton,England,20002999
128,United Kingdom,Kingston,England,37352744
129,United States,Seattle,Washington,2422660
130,United Kingdom,Burnside,Scotland,1477314
131,United Kingdom,Langley,England,8640001
132,United States,Rochester,New York,31367233
133,United States,Olympia,Washington,5945827
134,United Kingdom,Ford,England,1137677
135,United Kingdom,Whitwell,England,32633703
136,United Kingdom,Edinburgh,Scotland,29390838
137,United States,Tacoma,Washington,30374729
138,United States,Albany,New York,4497937
139,United Kingdom,London,England,15950381
140,Hungary,Nyíregyháza,Szabolcs-Szatmár-Bereg,5538306
141,United Kingdom,Middleton,England,6615616
142,United Kingdom,Normanton,England,24498972
143,United States,Seattle,Washington,18986299
144,United Kingdom,Carlton,England,21815422
145,United States,Brooklyn,New York,28799581
146,United Kingdom,Middleton,England,10129180
147,United States,Newark,New Jersey,24759528
148,United Kingdom,London,England,541490
149,United Kingdom,Carlton,England,325070
150,United Kingdom,Walton,England,5068071
151,United Kingdom,Carlton,England,27914572
152,United States,Bronx,New York,5667682
153,United States,Newark,New Jersey,31690809
154,Hungary,Sopron,Győr-Moson-Sopron,31086653
155,United States,Rochester,New York,28674778
156,United States,Seattle,Washington,20235923
157,United States,Great Neck,New York,6451013
158,United Kingdom,Liverpool,England,1880621
159,United States,Yonkers,New York,284954
160,United States,Syracuse,New York,16105450
161,United States,Brooklyn,New York,30713045
162,United States,Olympia,Washington,23570665
163,United States,Seattle,Washington,18506010
164,United Kingdom,Charlton,England,11958123
165,United Kingdom,Church End,England,33986573
166,United States,Camden,New Jersey,30981369
167,United States,Seattle,Washington,21542068
168,United Kingdom,Edinburgh,Scotland,19682875
169,United States,New York City,New York,20549701
170,United States,New York City,New York,7195009
171,United Kingdom,Aberdeen,Scotland,13254312
172,United States,Jamaica,New York,14244880
173,United States,Staten Island,New York,36452519
174,United Kingdom,Merton,England,30389350
175,United States,Flushing,New York,3614458
176,United States,New Hyde Park,New York,12344924
177,United States,Staten Island,New York,38580082
178,United Kingdom,Middleton,England,24226052
179,United Kingdom,Manchester,England,16493323
180,United Kingdom,Dean,England,31963559
181,United States,Seattle,Washington,38266550
182,United Kingdom,Marston,England,36565604
183,United Kingdom,Birmingham,England,33224717
184,United States,New York City,New York,25992020
185,United Kingdom,Charlton,England,15586868
186,United States,Seattle,Washington,7008328
187,United Kingdom,Birmingham,England,13886652
188,United Kingdom,Liverpool,England,11422020
189,United States,Seattle,Washington,15186836
190,United States,Jamaica,New York,3082314
191,United Kingdom,Sheffield,England,27262794
192,United States,Seattle,Washington,31398172
193,United States,Vancouver,Washington,232195
194,United Kingdom,Norton,England,34417422
195,Hungary,Nyíregyháza,Szabolcs-Szatmár-Bereg,23884071
196,United States,Newark,New Jersey,31302031
197,United States,Vancouver,Washington,10273881
198,United States,Bellevue,Washington,12827013
199,United States,New York City,New York,36052784
200,United States,Rochester,New York,34110677
201,United Kingdom,Wootton,England,1380230
202,United Kingdom,Middleton,England,4503309
203,United Kingdom,Eaton,England,23160814
204,Hungary,Nyíregyháza,Szabolcs-Szatmár-Bereg,13257802
205,United Kingdom,Church End,England,25809907
206,United States,New York City,New York,2875504
207,United States,New Hyde Park,New York,9463586
208,United States,Seattle,Washington,11355173
209,United States,New York City,New York,32001301
210,United Kingdom,Linton,England,29660892
211,United Kingdom,Halton,England,4227113
212,United Kingdom,London,England,9257777
213,United Kingdom,Aberdeen,Scotland,33611574
214,United States,Seattle,Washington,19545881
215,United Kingdom,Glasgow,Scotland,38100196
216,United States,Schenectady,New York,37961060
217,United States,Bronx,New York,13936168
218,United States,Newark,New Jersey,16350525
219,United Kingdom,Stapleford,England,36927216
220,United Kingdom,Charlton,England,20106843
221,United States,Rochester,New York,4635371
222,United States,Albany,New York,28164339
223,United Kingdom,Tullich,Scotland,2002811
224,United States,Schenectady,New York,29371383
225,United States,Trenton,New Jersey,15351011
226,United States,Brooklyn,New York,23360895
227,Hungary,Nyíregyháza,Szabolcs-Szatmár-Bereg,12155601
228,United Kingdom,Merton,England,20780398
229,United States,Olympia,Washington,26329175
230,United States,Camden,New Jersey,22275766
231,United States,New York City,New York,33954806
232,United States,New York City,New York,3458388
233,United States,New York City,New York,36183286
234,United Kingdom,Langley,England,33234647
235,United States,Buffalo,New York,30733722
236,United States,Brooklyn,New York,3322501
237,United States,Brooklyn,New York,9609898
238,United States,Staten Island,New York,16999205
239,United States,New York City,New York,13354450
240,United States,Seattle,Washington,35322931
241,United Kingdom,Swindon,England,12129137
242,United States,Jamaica,New York,19276345
243,United States,Elmira,New York,34576568
244,United States,New York City,New York,36063330
245,United States,Olympia,Washington,5553999
246,United States,Seattle,Washington,8529574
247,United States,Elmira,New York,33909317
248,United Kingdom,Charlton,England,24844209
249,United States,Bronx,New York,9195155
250,United States,Vancouver,Washington,30800919
251,United Kingdom,Manchester,England,35693588
252,United Kingdom,Sheffield,England,29831126
253,United Kingdom,Kirkton,Scotland,20951685
254,Hungary,Győr,Győr-Moson-Sopron,32960555
255,United Kingdom,Birmingham,England,37917486
256,United States,Buffalo,New York,25716531
257,United States,Bronx,New York,35623452
258,United Kingdom,Sheffield,England,4219298
259,United States,Schenectady,New York,17462376
260,United States,Buffalo,New York,31224542
261,United Kingdom,London,England,11735530
262,United States,Flushing,New York,4014376
263,United States,New York City,New York,23690715
264,United Kingdom,Normanton,England,8761949
265,United States,Tacoma,Washington,21879212
266,United States,Staten Island,New York,11430985
267,United States,Paterson,New Jersey,26956243
268,United States,Rochester,New York,21069468
269,United States,Tacoma,Washington,8380008
270,United Kingdom,Norton,England,34756675
271,United Kingdom,Aberdeen,Scotland,16159125
272,United Kingdom,Sutton,England,10186689
273,United States,New York City,New York,26348071
274,United States,Newark,New Jersey,9033342
275,United States,New York City,New York,2345880
276,United States,Flushing,New York,12326361
277,United Kingdom,Seaton,England,17772786
278,United States,Bronx,New York,19848893
279,United Kingdom,Liverpool,England,31383567
280,United States,Tacoma,Washington,3415137
281,United Kingdom,Merton,England,23999382
282,United Kingdom,Liverpool,England,39203852
283,United States,Albany,New York,21623212
284,United States,Jamaica,New York,28552975
285,United States,Trenton,New Jersey,24772544
286,United Kingdom,Norton,England,23496246
287,Hungary,Győr,Győr-Moson-Sopron,25688288
288,United States,Rochester,New York,21813199
289,United States,New York City,New York,33971572
290,United Kingdom,Bristol,England,5089560
291,United States,Trenton,New Jersey,27376946
292,United Kingdom,London,England,20940538
293,United Kingdom,Weston,England,25291400
294,United States,Tacoma,Washington,6906233
295,United States,Staten Island,New York,27914557
296,United States,New York City,New York,5193688
297,United States,Albany,New York,11147933
298,United States,Rochester,New York,14358913
299,United States,Tacoma,Washington,20542150
300,United States,Newark,New Jersey,16147330
