term_deposit_id,description
1,Interest payment frequency
2,Insurance on deposit
3,Insurance on deposit
4,Growth in savings
5,Interest payment frequency
6,Safe investment option
7,Taxation on interest
8,Insurance on deposit
9,Taxation on interest
10,Insurance on deposit
11,Interest payment frequency
12,Taxation on interest
13,Interest payment frequency
14,Safe investment option
15,Interest payment frequency
16,Taxation on interest
17,Growth in savings
18,Insurance on deposit
19,Insurance on deposit
20,Growth in savings
21,Growth in savings
22,Interest payment frequency
23,Growth in savings
24,Taxation on interest
25,Growth in savings
26,Insurance on deposit
27,Safe investment option
28,Fixed rate of interest
29,Fixed rate of interest
30,Taxation on interest
31,Insurance on deposit
32,Taxation on interest
33,Safe investment option
34,Growth in savings
35,Interest payment frequency
36,Taxation on interest
37,Insurance on deposit
38,Interest payment frequency
39,Fixed rate of interest
40,Interest payment frequency
41,Interest payment frequency
42,Safe investment option
43,Insurance on deposit
44,Interest payment frequency
45,Growth in savings
46,Insurance on deposit
47,Safe investment option
48,Growth in savings
49,Safe investment option
50,Insurance on deposit
51,Growth in savings
52,Insurance on deposit
53,Taxation on interest
54,Growth in savings
55,Taxation on interest
56,Growth in savings
57,Insurance on deposit
58,Fixed rate of interest
59,Taxation on interest
60,Fixed rate of interest
61,Fixed rate of interest
62,Interest payment frequency
63,Safe investment option
64,Interest payment frequency
65,Interest payment frequency
66,Fixed rate of interest
67,Safe investment option
68,Safe investment option
69,Insurance on deposit
70,Interest payment frequency
71,Taxation on interest
72,Insurance on deposit
73,Insurance on deposit
74,Insurance on deposit
75,Taxation on interest
76,Insurance on deposit
77,Taxation on interest
78,Taxation on interest
79,Safe investment option
80,Interest payment frequency
81,Fixed rate of interest
82,Growth in savings
83,Growth in savings
84,Fixed rate of interest
85,Safe investment option
86,Interest payment frequency
87,Taxation on interest
88,Taxation on interest
89,Growth in savings
90,Taxation on interest
91,Safe investment option
92,Growth in savings
93,Taxation on interest
94,Interest payment frequency
95,Taxation on interest
96,Taxation on interest
97,Fixed rate of interest
98,Taxation on interest
99,Safe investment option
100,Fixed rate of interest
101,Interest payment frequency
102,Insurance on deposit
103,Growth in savings
104,Taxation on interest
105,Insurance on deposit
106,Insurance on deposit
107,Safe investment option
108,Fixed rate of interest
109,Growth in savings
110,Fixed rate of interest
111,Safe investment option
112,Safe investment option
113,Insurance on deposit
114,Taxation on interest
115,Interest payment frequency
116,Taxation on interest
117,Interest payment frequency
118,Interest payment frequency
119,Insurance on deposit
120,Safe investment option
121,Fixed rate of interest
122,Safe investment option
123,Taxation on interest
124,Fixed rate of interest
125,Fixed rate of interest
126,Growth in savings
127,Safe investment option
128,Safe investment option
129,Taxation on interest
130,Interest payment frequency
131,Fixed rate of interest
132,Fixed rate of interest
133,Safe investment option
134,Fixed rate of interest
135,Taxation on interest
136,Interest payment frequency
137,Taxation on interest
138,Safe investment option
139,Insurance on deposit
140,Interest payment frequency
141,Insurance on deposit
142,Interest payment frequency
143,Growth in savings
144,Safe investment option
145,Interest payment frequency
146,Insurance on deposit
147,Safe investment option
148,Interest payment frequency
149,Safe investment option
150,Growth in savings
151,Interest payment frequency
152,Insurance on deposit
153,Growth in savings
154,Interest payment frequency
155,Interest payment frequency
156,Safe investment option
157,Insurance on deposit
158,Fixed rate of interest
159,Safe investment option
160,Safe investment option
161,Fixed rate of interest
162,Growth in savings
163,Insurance on deposit
164,Safe investment option
165,Taxation on interest
166,Interest payment frequency
167,Interest payment frequency
168,Interest payment frequency
169,Taxation on interest
170,Interest payment frequency
171,Safe investment option
172,Fixed rate of interest
173,Growth in savings
174,Interest payment frequency
175,Interest payment frequency
176,Fixed rate of interest
177,Safe investment option
178,Interest payment frequency
179,Taxation on interest
180,Insurance on deposit
181,Fixed rate of interest
182,Growth in savings
183,Safe investment option
184,Interest payment frequency
185,Safe investment option
186,Safe investment option
187,Growth in savings
188,Growth in savings
189,Interest payment frequency
190,Interest payment frequency
191,Growth in savings
192,Fixed rate of interest
193,Safe investment option
194,Growth in savings
195,Growth in savings
196,Growth in savings
197,Insurance on deposit
198,Taxation on interest
199,Safe investment option
200,Fixed rate of interest
