transfer_id,type
1,fully
2,fully
3,fully
4,fully
5,fully
6,fully
7,fully
8,partly
9,fully
10,fully
11,partly
12,fully
13,fully
14,partly
15,partly
16,partly
17,fully
18,fully
19,fully
20,partly
21,partly
22,partly
23,partly
24,partly
25,fully
26,partly
27,fully
28,fully
29,partly
30,fully
31,partly
32,partly
33,partly
34,fully
35,fully
36,partly
37,fully
38,fully
39,partly
40,partly
41,fully
42,fully
43,partly
44,partly
45,fully
46,partly
47,partly
48,partly
49,fully
50,fully
51,partly
52,fully
53,partly
54,partly
55,fully
56,partly
57,partly
58,partly
59,fully
60,partly
61,fully
62,fully
63,fully
64,fully
65,partly
66,partly
67,partly
68,fully
69,partly
70,partly
71,fully
72,partly
73,partly
74,fully
75,fully
76,partly
77,fully
78,partly
79,partly
80,fully
81,partly
82,fully
83,partly
84,fully
85,partly
86,fully
87,fully
88,fully
89,partly
90,fully
91,fully
92,fully
93,partly
94,fully
95,fully
96,partly
97,partly
98,fully
99,fully
100,partly
101,fully
102,partly
103,fully
104,fully
105,fully
106,fully
107,partly
108,partly
109,partly
110,fully
111,partly
112,partly
113,fully
114,fully
115,partly
116,fully
117,partly
118,partly
119,partly
120,partly
121,fully
122,partly
123,fully
124,fully
125,fully
126,fully
127,partly
128,partly
129,partly
130,partly
131,partly
132,partly
133,partly
134,partly
135,partly
136,partly
137,partly
138,partly
139,partly
140,partly
141,partly
142,fully
143,partly
144,fully
145,partly
146,partly
147,fully
148,partly
149,fully
150,fully
151,partly
152,fully
153,partly
154,partly
155,fully
156,partly
157,partly
158,fully
159,partly
160,fully
161,fully
162,partly
163,fully
164,fully
165,partly
166,fully
167,partly
168,fully
169,partly
170,partly
171,partly
172,fully
173,partly
174,fully
175,partly
176,fully
177,fully
178,partly
179,fully
180,partly
181,fully
182,fully
183,partly
184,partly
185,fully
186,fully
187,fully
188,partly
189,fully
190,partly
191,fully
192,partly
193,partly
194,partly
195,partly
196,partly
197,partly
198,fully
199,fully
200,fully
