withdrawing_id,type,channel
1,fully,visa
2,partly,bankcard
3,partly,maestro
4,partly,instapayment
5,fully,visa
6,fully,visa-electron
7,partly,bankcard
8,partly,bankcard
9,fully,mastercard
10,fully,mastercard
11,partly,visa-electron
12,fully,maestro
13,fully,switch
14,fully,maestro
15,partly,mastercard
16,partly,mastercard
17,partly,switch
18,fully,bankcard
19,partly,mastercard
20,fully,visa-electron
21,partly,instapayment
22,fully,visa
23,fully,visa-electron
24,fully,bankcard
25,partly,switch
26,fully,maestro
27,partly,maestro
28,partly,instapayment
29,fully,switch
30,partly,visa
31,partly,mastercard
32,fully,visa
33,fully,visa-electron
34,fully,visa-electron
35,fully,bankcard
36,fully,visa
37,fully,bankcard
38,fully,switch
39,partly,visa-electron
40,fully,visa-electron
41,fully,visa-electron
42,partly,bankcard
43,partly,mastercard
44,fully,mastercard
45,fully,bankcard
46,partly,visa
47,fully,bankcard
48,fully,switch
49,partly,bankcard
50,fully,visa-electron
51,partly,switch
52,partly,instapayment
53,partly,bankcard
54,partly,bankcard
55,fully,instapayment
56,partly,instapayment
57,partly,bankcard
58,fully,mastercard
59,partly,mastercard
60,fully,switch
61,fully,visa-electron
62,fully,switch
63,partly,instapayment
64,fully,bankcard
65,partly,visa
66,partly,visa
67,fully,maestro
68,partly,maestro
69,fully,maestro
70,fully,visa
71,partly,visa-electron
72,fully,bankcard
73,partly,switch
74,partly,bankcard
75,fully,bankcard
76,fully,visa
77,partly,bankcard
78,partly,maestro
79,fully,visa
80,fully,mastercard
81,fully,visa
82,fully,visa-electron
83,fully,mastercard
84,fully,bankcard
85,fully,switch
86,partly,maestro
87,partly,maestro
88,partly,bankcard
89,fully,maestro
90,fully,visa
91,partly,switch
92,partly,visa-electron
93,partly,switch
94,fully,visa
95,partly,visa
96,partly,maestro
97,partly,maestro
98,fully,instapayment
99,partly,visa
100,fully,bankcard
101,partly,instapayment
102,fully,switch
103,partly,switch
104,fully,maestro
105,fully,maestro
106,partly,switch
107,partly,visa-electron
108,fully,instapayment
109,partly,maestro
110,partly,visa-electron
111,partly,instapayment
112,fully,visa-electron
113,fully,visa
114,fully,maestro
115,fully,instapayment
116,fully,visa-electron
117,partly,bankcard
118,partly,mastercard
119,fully,visa
120,fully,instapayment
121,partly,mastercard
122,fully,instapayment
123,fully,bankcard
124,fully,switch
125,partly,visa-electron
126,partly,bankcard
127,partly,switch
128,fully,switch
129,partly,mastercard
130,fully,bankcard
131,partly,switch
132,fully,visa
133,partly,visa
134,partly,visa-electron
135,partly,mastercard
136,fully,instapayment
137,partly,instapayment
138,fully,mastercard
139,partly,mastercard
140,partly,bankcard
141,partly,switch
142,fully,visa
143,fully,mastercard
144,partly,visa-electron
145,partly,mastercard
146,partly,instapayment
147,fully,maestro
148,partly,switch
149,fully,switch
150,fully,mastercard
151,fully,visa-electron
152,partly,bankcard
153,partly,maestro
154,fully,visa-electron
155,partly,visa
156,fully,maestro
157,partly,visa
158,partly,visa-electron
159,fully,visa-electron
160,fully,maestro
161,fully,visa-electron
162,fully,instapayment
163,partly,bankcard
164,partly,instapayment
165,fully,visa
166,fully,visa
167,partly,maestro
168,fully,switch
169,partly,visa-electron
170,fully,maestro
171,fully,visa
172,fully,bankcard
173,fully,switch
174,fully,visa-electron
175,partly,visa-electron
176,partly,instapayment
177,fully,visa
178,partly,bankcard
179,fully,mastercard
180,partly,maestro
181,partly,instapayment
182,partly,bankcard
183,partly,instapayment
184,partly,switch
185,partly,instapayment
186,partly,switch
187,fully,instapayment
188,partly,visa-electron
189,partly,instapayment
190,partly,switch
191,fully,switch
192,partly,switch
193,fully,bankcard
194,partly,instapayment
195,fully,maestro
196,partly,visa-electron
197,fully,visa
198,fully,visa-electron
199,fully,mastercard
200,fully,switch
